snapshot_index,recorded_at,rms,kurtosis,crest
0,2004-02-12T10:32:39,0.07417899857,0.6287626426,6.12033067
1,2004-02-12T10:42:39,0.07538245681,0.6482910813,5.147086158
2,2004-02-12T10:52:39,0.07622977447,0.5134753088,6.598471575
3,2004-02-12T11:02:39,0.07872367647,1.157952723,7.723216538
4,2004-02-12T11:12:39,0.07847429074,0.6031769286,4.982523529
5,2004-02-12T11:22:39,0.07831464139,0.4560936215,5.605592929
6,2004-02-12T11:32:39,0.07863244326,0.4786149756,5.188697986
7,2004-02-12T11:42:39,0.07777288022,0.471982455,5.336050289
8,2004-02-12T11:52:39,0.07902942984,0.4045143209,4.884256419
9,2004-02-12T12:02:39,0.0757175599,0.325203315,4.992236946
10,2004-02-12T12:12:39,0.07924111648,0.4552119319,5.237180121
11,2004-02-12T12:22:39,0.07763890809,0.6415150749,6.105186326
12,2004-02-12T12:32:39,0.07740458088,0.3647260382,5.167652812
13,2004-02-12T12:42:39,0.0798646872,0.5982531547,5.409149089
14,2004-02-12T12:52:39,0.07921698007,0.5511103583,5.327140717
15,2004-02-12T13:02:39,0.07866177722,0.5530516615,4.716394838
16,2004-02-12T13:12:39,0.0784533836,0.4799660991,5.595679623
17,2004-02-12T13:22:39,0.07762277416,0.4477488812,5.719970779
18,2004-02-12T13:32:39,0.07782555833,0.3414453164,5.203945962
19,2004-02-12T13:42:39,0.07893316063,0.5964296523,5.967073866
20,2004-02-12T13:52:39,0.07902854786,0.5063801111,5.251266931
21,2004-02-12T14:02:39,0.079363285,0.3844068434,4.800708539
22,2004-02-12T14:12:39,0.0794867204,0.4149724426,4.327766931
23,2004-02-12T14:22:39,0.07975294341,0.5200740318,4.927717815
24,2004-02-12T14:32:39,0.07938138785,0.4846810416,5.505068781
25,2004-02-12T14:42:39,0.07759187945,0.3099755508,5.219618379
26,2004-02-12T14:52:39,0.07774099564,0.3680421199,4.990931706
27,2004-02-12T15:02:39,0.07751394406,0.4042083382,5.160361853
28,2004-02-12T15:12:39,0.07827954402,0.3419917128,4.994919233
29,2004-02-12T15:22:39,0.07886118144,0.5350200636,6.188088881
30,2004-02-12T15:32:39,0.07858236747,0.4890447103,5.128376925
31,2004-02-12T15:42:39,0.08023091765,0.48671177,4.935753094
32,2004-02-12T15:52:39,0.07742107025,0.5086729706,5.011555623
33,2004-02-12T16:02:39,0.07901612462,0.4044924157,4.758522413
34,2004-02-12T16:12:39,0.07823475416,0.4066809288,4.588753475
35,2004-02-12T16:22:39,0.07812870585,0.4218788788,4.556583859
36,2004-02-12T16:32:39,0.07686189103,0.4096278062,5.373273991
37,2004-02-12T16:42:39,0.07986518701,0.5706517891,5.72214274
38,2004-02-12T16:52:39,0.07742917473,0.3569692841,4.881880781
39,2004-02-12T17:02:39,0.07846125605,0.6561008821,6.347081669
40,2004-02-12T17:12:39,0.07859596046,0.5058926833,4.720344377
41,2004-02-12T17:22:39,0.07866142681,0.4531140076,4.996095493
42,2004-02-12T17:32:39,0.07762854039,0.4307640222,5.783955202
43,2004-02-12T17:42:39,0.07820874324,0.4883963368,5.306312092
44,2004-02-12T17:52:39,0.07808856432,0.5367816628,6.006001059
45,2004-02-12T18:02:39,0.07648226248,0.4576700059,4.720048653
46,2004-02-12T18:12:39,0.07891327537,0.3564760255,4.612658622
47,2004-02-12T18:22:39,0.07732266474,0.4982861018,5.121396182
48,2004-02-12T18:32:39,0.07824754764,0.329758249,5.303680595
49,2004-02-12T18:42:39,0.07696982655,0.4243128404,5.261802165
50,2004-02-12T18:52:39,0.07847964256,0.5533985474,5.045894541
51,2004-02-12T19:02:39,0.07853956351,0.5791138308,5.436750357
52,2004-02-12T19:12:39,0.07938090837,0.6276825132,6.701863344
53,2004-02-12T19:22:39,0.07691333013,0.3985078571,5.018635903
54,2004-02-12T19:32:39,0.07662792326,0.4252427855,5.22002924
55,2004-02-12T19:42:39,0.07833920728,0.6133875523,5.642130108
56,2004-02-12T19:52:39,0.07738031364,0.4843217612,5.957587638
57,2004-02-12T20:02:39,0.0774234728,0.4494151208,5.838022807
58,2004-02-12T20:12:39,0.07599751101,0.29858314,4.565939008
59,2004-02-12T20:22:39,0.07812885897,0.3479309532,4.966154698
60,2004-02-12T20:32:39,0.07866328497,0.4129906292,5.250225695
61,2004-02-12T20:42:39,0.07712632634,0.3950734414,4.434283548
62,2004-02-12T20:52:39,0.07930147,0.4723936249,4.930551729
63,2004-02-12T21:02:39,0.07694261984,0.3944622448,5.302652819
64,2004-02-12T21:12:39,0.0771994016,0.3780082778,5.025945693
65,2004-02-12T21:22:39,0.07699636793,0.4364865722,4.948285358
66,2004-02-12T21:32:39,0.07744607215,0.4911372191,5.926704702
67,2004-02-12T21:42:39,0.07664165647,0.3460049722,5.127759734
68,2004-02-12T21:52:39,0.07695564844,0.4469901117,5.015876129
69,2004-02-12T22:02:39,0.07732470599,0.4880416167,5.742019893
70,2004-02-12T22:12:39,0.07577292448,0.5881648616,6.59866309
71,2004-02-12T22:22:39,0.07668913125,0.3623983966,5.098506055
72,2004-02-12T22:32:39,0.07740031675,0.5401611784,5.671811414
73,2004-02-12T22:42:39,0.0779550918,0.3260740036,5.105503576
74,2004-02-12T22:52:39,0.07882041185,0.3948251135,5.544249132
75,2004-02-12T23:02:39,0.07756062271,0.3401611778,4.938072782
76,2004-02-12T23:12:39,0.07689052657,0.4461346263,4.577937175
77,2004-02-12T23:22:39,0.07824627431,0.4445772788,5.521029644
78,2004-02-12T23:32:39,0.07672532972,0.654300606,5.408904745
79,2004-02-12T23:42:39,0.07738254866,0.3863550827,5.518040015
80,2004-02-12T23:52:39,0.07699061809,0.4490551594,4.688882996
81,2004-02-13T00:02:39,0.07482262489,0.3027462055,4.931663391
82,2004-02-13T00:12:39,0.07733855854,0.5816276127,5.909083498
83,2004-02-13T00:22:39,0.07679397534,0.3194399376,4.870173713
84,2004-02-13T00:32:39,0.07772176531,0.4393592386,5.403891668
85,2004-02-13T00:42:39,0.07735897861,0.573064649,5.71362249
86,2004-02-13T00:52:39,0.07689176996,0.2631304571,5.241133092
87,2004-02-13T01:02:39,0.07492218066,0.4409564688,4.791638429
88,2004-02-13T01:12:39,0.07763068115,0.6069125323,5.822440217
89,2004-02-13T01:22:39,0.07778453062,0.4203109109,4.808153974
90,2004-02-13T01:32:39,0.07858931119,0.3801399431,5.000680042
91,2004-02-13T01:42:39,0.07599053318,0.3464396356,4.947984759
92,2004-02-13T01:52:39,0.07671097179,0.3581559929,5.031874724
93,2004-02-13T02:02:39,0.07504429291,0.3535492935,5.663322066
94,2004-02-13T02:12:39,0.07824627774,0.5428820814,5.150404743
95,2004-02-13T02:22:39,0.07745035456,0.5008486498,5.422828628
96,2004-02-13T02:32:39,0.07831602989,0.536634531,5.579955989
97,2004-02-13T02:42:39,0.0765601492,0.3892193621,5.799361739
98,2004-02-13T02:52:39,0.0776802038,0.4508614826,4.904724516
99,2004-02-13T03:02:39,0.07571563009,0.3925339025,5.230095814
100,2004-02-13T03:12:39,0.07794620572,0.5248632369,4.977792009
101,2004-02-13T03:22:39,0.0765939269,0.4165630099,4.974284717
102,2004-02-13T03:32:39,0.07639991986,0.4453741257,6.138749895
103,2004-02-13T03:42:39,0.07663180186,0.4007797505,4.841332071
104,2004-02-13T03:52:39,0.07728281754,0.5316575196,5.654555746
105,2004-02-13T04:02:39,0.07764061557,0.4422063381,5.473939083
106,2004-02-13T04:12:39,0.07682055046,0.4360999697,5.532373791
107,2004-02-13T04:22:39,0.07606189689,0.477320914,5.52181864
108,2004-02-13T04:32:39,0.07604057915,0.4479454657,4.852672141
109,2004-02-13T04:42:39,0.07735977517,0.4183562035,4.925040167
110,2004-02-13T04:52:39,0.07650372776,0.4765381441,4.71872431
111,2004-02-13T05:02:39,0.07627544849,0.3878363835,4.772177774
112,2004-02-13T05:12:39,0.07797731009,0.4254419236,5.347709475
113,2004-02-13T05:22:39,0.07606533254,0.4506324195,5.429543081
114,2004-02-13T05:32:39,0.07680503454,0.4783552562,4.869472454
115,2004-02-13T05:42:39,0.07551238322,0.3984273331,5.403087316
116,2004-02-13T05:52:39,0.07894839654,0.5276336299,5.725258774
117,2004-02-13T06:02:39,0.07721538211,0.4862324196,5.024905523
118,2004-02-13T06:12:39,0.07775822279,0.5105274416,5.054127858
119,2004-02-13T06:22:39,0.07727334295,0.6148985783,5.396427591
120,2004-02-13T06:32:39,0.07669008184,0.4040831221,5.502667227
121,2004-02-13T06:42:39,0.07812782526,0.5378888734,5.183812536
122,2004-02-13T06:52:39,0.07781836763,0.4002455767,5.615640797
123,2004-02-13T07:02:39,0.07918462868,0.4507943486,4.811539895
124,2004-02-13T07:12:39,0.07639264641,0.346635292,4.791037059
125,2004-02-13T07:22:39,0.0771387194,0.4445053286,5.574373069
126,2004-02-13T07:32:39,0.07619743481,0.3380137986,4.934549318
127,2004-02-13T07:42:39,0.07634856558,0.4714581263,4.89858581
128,2004-02-13T07:52:39,0.07635209961,0.380051042,5.238886711
129,2004-02-13T08:02:39,0.07497011253,0.3385783303,4.628511126
130,2004-02-13T08:12:39,0.07599478131,0.2445073274,4.368721039
131,2004-02-13T08:22:39,0.07637512818,0.6446447698,6.075276219
132,2004-02-13T08:32:39,0.07615866424,0.346811603,4.779495592
133,2004-02-13T08:42:39,0.07675040717,0.4102122578,5.02928928
134,2004-02-13T08:52:39,0.0777560039,0.5009742049,5.71016999
135,2004-02-13T09:02:39,0.07829207448,0.5043214057,5.147392028
136,2004-02-13T09:12:39,0.07771044198,0.3657509635,5.095840275
137,2004-02-13T09:22:39,0.07647514372,0.414344142,4.720488023
138,2004-02-13T09:32:39,0.07780436422,0.6014461458,5.359596524
139,2004-02-13T09:42:39,0.07521345504,0.3069850202,4.573649752
140,2004-02-13T09:52:39,0.07678708292,0.410971104,4.701311552
141,2004-02-13T10:02:39,0.07742113017,0.505432539,5.670286639
142,2004-02-13T10:12:39,0.07658231249,0.6014717502,6.724790402
143,2004-02-13T10:22:39,0.07677764733,0.2859746134,4.832135562
144,2004-02-13T10:32:39,0.07591135481,0.3737099239,5.493249344
145,2004-02-13T10:42:39,0.07588479878,0.5015377767,5.600594676
146,2004-02-13T10:52:39,0.07605698162,0.3156659176,5.009402055
147,2004-02-13T11:02:39,0.07562556108,0.4161307415,5.976815161
148,2004-02-13T11:12:39,0.07621096753,0.4421486925,4.736851029
149,2004-02-13T11:22:39,0.07680135351,0.3848917195,5.051994298
150,2004-02-13T11:32:39,0.07515800641,0.4884129776,5.362036851
151,2004-02-13T11:42:39,0.07893970887,0.5302905755,5.903239405
152,2004-02-13T11:52:39,0.07692398274,0.4776599891,5.654933409
153,2004-02-13T12:02:39,0.07649164164,0.4558731293,4.915569753
154,2004-02-13T12:12:39,0.07650745183,0.2582723095,4.4701528
155,2004-02-13T12:22:39,0.07739848852,0.3756330439,4.767534962
156,2004-02-13T12:32:39,0.07848006315,0.6057349863,5.695714071
157,2004-02-13T12:42:39,0.07904600279,0.5919121754,5.376615958
158,2004-02-13T12:52:39,0.0766848544,0.369864195,4.811901944
159,2004-02-13T13:02:39,0.07731124506,0.3735731948,5.277369413
160,2004-02-13T13:12:39,0.07651273989,0.3431000305,4.535192446
161,2004-02-13T13:22:39,0.07853164575,0.4245621228,4.813346217
162,2004-02-13T13:32:39,0.07695335882,0.5118109145,5.301912824
163,2004-02-13T13:42:39,0.07736240148,0.5282458566,5.519477057
164,2004-02-13T13:52:39,0.07617467014,0.3254543371,4.384659617
165,2004-02-13T14:02:39,0.07762221305,0.4408628476,5.655597576
166,2004-02-13T14:12:39,0.07725341473,0.4886392347,5.682596705
167,2004-02-13T14:22:39,0.07768636614,0.5379390953,5.650927206
168,2004-02-13T14:32:39,0.07781754,0.4370585911,5.050275298
169,2004-02-13T14:42:39,0.07728229124,0.2541945515,4.580609533
170,2004-02-13T14:52:39,0.07638785118,0.3353471348,5.655349552
171,2004-02-13T15:02:39,0.07818466597,0.3804427449,5.614911755
172,2004-02-13T15:12:39,0.07616144416,0.3194051922,4.516721076
173,2004-02-13T15:22:39,0.07534258573,0.2916771063,5.056901038
174,2004-02-13T15:32:39,0.0768942681,0.4095598093,4.668748515
175,2004-02-13T15:42:39,0.07548419679,0.3288086624,4.557245286
176,2004-02-13T15:52:39,0.0782630184,0.4398804995,6.337603764
177,2004-02-13T16:02:39,0.07547406975,0.3431725486,5.074590535
178,2004-02-13T16:12:39,0.07556067545,0.4429353349,5.359930911
179,2004-02-13T16:22:39,0.07667824796,0.4250634087,4.968814626
180,2004-02-13T16:32:39,0.07675079238,0.7083040858,6.683970082
181,2004-02-13T16:42:39,0.07611983832,0.3437128401,4.742521897
182,2004-02-13T16:52:39,0.07516506283,0.267315006,4.549986219
183,2004-02-13T17:02:39,0.0780915247,0.3541207352,4.277032639
184,2004-02-13T17:12:39,0.07635685584,0.4990925058,5.592163209
185,2004-02-13T17:22:39,0.07786806061,0.3494127517,4.892891861
186,2004-02-13T17:32:39,0.07661025105,0.4160923964,5.129861795
187,2004-02-13T17:42:39,0.07899964213,0.627335608,5.34179635
188,2004-02-13T17:52:39,0.07538985427,0.5084444465,5.305753723
189,2004-02-13T18:02:39,0.07723122433,0.4005096065,4.713119637
190,2004-02-13T18:12:39,0.07531071121,0.2905308523,5.059041322
191,2004-02-13T18:22:39,0.07813312239,0.5664490783,6.130562626
192,2004-02-13T18:32:39,0.07744816468,0.2876786871,4.544975358
193,2004-02-13T18:42:39,0.07761624001,0.5162164874,5.411238678
194,2004-02-13T18:52:39,0.07773736615,0.3658649197,4.901117942
195,2004-02-13T19:02:39,0.07657840332,0.5125468703,5.288697367
196,2004-02-13T19:12:39,0.07618282421,0.3810543991,5.316158914
197,2004-02-13T19:22:39,0.07527411496,0.4514792731,6.097713673
198,2004-02-13T19:32:39,0.07653573895,0.3525296268,5.200184979
199,2004-02-13T19:42:39,0.07660493658,0.346265341,4.777759977
200,2004-02-13T19:52:39,0.07864126887,0.3624940923,5.149967769
201,2004-02-13T20:02:39,0.0770268454,0.5425193663,5.738259145
202,2004-02-13T20:12:39,0.07654619086,0.5200155088,5.774291248
203,2004-02-13T20:22:39,0.07741179488,0.4319008104,4.727961683
204,2004-02-13T20:32:39,0.07589032164,0.5098311593,6.206324994
205,2004-02-13T20:42:39,0.07564360373,0.4222048814,6.609944203
206,2004-02-13T20:52:39,0.07589364121,0.3855004562,4.888420085
207,2004-02-13T21:02:39,0.07722140418,0.3501330939,4.804367441
208,2004-02-13T21:12:39,0.07669429791,0.3974503406,4.876503341
209,2004-02-13T21:22:39,0.07669445071,0.4542567806,6.7149578
210,2004-02-13T21:32:39,0.07644350191,0.4621422075,5.010236193
211,2004-02-13T21:42:39,0.07806299602,0.3311462199,4.816622717
212,2004-02-13T21:52:39,0.07733820308,0.427010866,5.016925459
213,2004-02-13T22:02:39,0.07694966712,0.320109257,4.912301952
214,2004-02-13T22:12:39,0.07891612655,0.518621133,5.195389307
215,2004-02-13T22:22:39,0.07747811939,0.4064589682,4.917517397
216,2004-02-13T22:32:39,0.07688436331,0.408843065,4.916474348
217,2004-02-13T22:42:39,0.07743250463,0.2120974655,4.158460346
218,2004-02-13T22:52:39,0.07765237981,0.466359803,5.69203418
219,2004-02-13T23:02:39,0.078451438,0.3903152251,4.576079281
220,2004-02-13T23:12:39,0.07746541157,0.3981598851,5.925225087
221,2004-02-13T23:22:39,0.07702369417,0.3219624132,5.297071303
222,2004-02-13T23:32:39,0.07602763394,0.3787525414,4.787732843
223,2004-02-13T23:42:39,0.07740210772,0.3420917702,4.767312039
224,2004-02-13T23:52:39,0.07756348867,0.4734358467,5.22152893
225,2004-02-14T00:02:39,0.07700327871,0.4472026516,4.856936046
226,2004-02-14T00:12:39,0.07633698995,0.4471539299,5.056526335
227,2004-02-14T00:22:39,0.07642125683,0.5469289751,5.980011569
228,2004-02-14T00:32:39,0.0782162155,0.4036836853,5.561506616
229,2004-02-14T00:42:39,0.07762020636,0.3791111272,4.998698383
230,2004-02-14T00:52:39,0.07717074242,0.3713008616,5.44247712
231,2004-02-14T01:02:39,0.0778553763,0.5050743337,5.70288169
232,2004-02-14T01:12:39,0.07614514595,0.3286110755,5.292523837
233,2004-02-14T01:22:39,0.07811579383,0.4255858786,5.312626034
234,2004-02-14T01:32:39,0.07646615335,0.3505466793,5.427237828
235,2004-02-14T01:42:39,0.07784733407,0.3003506571,4.855657609
236,2004-02-14T01:52:39,0.07809616124,0.266868388,4.788967781
237,2004-02-14T02:02:39,0.07853328688,0.3653585893,4.227506745
238,2004-02-14T02:12:39,0.07740059716,0.5063321281,6.744134013
239,2004-02-14T02:22:39,0.07708260173,0.4444705851,5.863839438
240,2004-02-14T02:32:39,0.07785435308,0.3956523871,5.330466231
241,2004-02-14T02:42:39,0.07619507051,0.3712017219,5.157813982
242,2004-02-14T02:52:39,0.07689889872,0.3074947403,5.812827068
243,2004-02-14T03:02:39,0.07566271754,0.4881647709,5.035505099
244,2004-02-14T03:12:39,0.0770909752,0.4745222723,5.136788048
245,2004-02-14T03:22:39,0.07812214182,0.4655293059,5.593804647
246,2004-02-14T03:32:39,0.07616692644,0.5528697269,5.317268517
247,2004-02-14T03:42:39,0.07731350987,0.4825257504,5.212543069
248,2004-02-14T03:52:39,0.07587677324,0.2798720452,5.087195772
249,2004-02-14T04:02:39,0.07620424312,0.3237082059,5.314664688
250,2004-02-14T04:12:39,0.07576237684,0.3518243629,4.580109739
251,2004-02-14T04:22:39,0.07609244609,0.4018811173,5.072776864
252,2004-02-14T04:32:39,0.07861822246,0.439753005,4.808045618
253,2004-02-14T04:42:39,0.07654723636,0.3075651284,5.003446476
254,2004-02-14T04:52:39,0.07655005415,0.4275608497,5.173085824
255,2004-02-14T05:02:39,0.07695157391,0.4721707408,5.393002104
256,2004-02-14T05:12:39,0.07666247331,0.4292422492,5.100278964
257,2004-02-14T05:22:39,0.07718117604,0.3573263429,5.247393481
258,2004-02-14T05:32:39,0.07548532621,0.3803225969,5.630233336
259,2004-02-14T05:42:39,0.07848934759,0.4162216059,4.79045898
260,2004-02-14T05:52:39,0.07744872989,0.4381933428,5.487501223
261,2004-02-14T06:02:39,0.07743963406,0.4181568338,5.668931747
262,2004-02-14T06:12:39,0.0772467994,0.3107750327,5.463009513
263,2004-02-14T06:22:39,0.07564605886,0.3054551986,4.904419419
264,2004-02-14T06:32:39,0.07614973556,0.4668559319,4.937640259
265,2004-02-14T06:42:39,0.07858716579,0.3615217429,5.815198899
266,2004-02-14T06:52:39,0.07790162974,0.3905431034,4.569865883
267,2004-02-14T07:02:39,0.07770594612,0.417840869,5.121873162
268,2004-02-14T07:12:39,0.07785898335,0.2996620795,5.587023889
269,2004-02-14T07:22:39,0.07571334103,0.3175699834,5.322707921
270,2004-02-14T07:32:39,0.07639177457,0.4868229041,5.851415319
271,2004-02-14T07:42:39,0.07736211146,0.4052045633,5.4936453
272,2004-02-14T07:52:39,0.0784233967,0.4934992023,4.819990155
273,2004-02-14T08:02:39,0.07628107301,0.4251022371,5.571500023
274,2004-02-14T08:12:39,0.07822402755,0.4252786986,4.653301695
275,2004-02-14T08:22:39,0.07825938536,0.541055047,5.609550829
276,2004-02-14T08:32:39,0.07883279811,0.4923650099,5.949300434
277,2004-02-14T08:42:39,0.07697529154,0.5017859144,5.703128773
278,2004-02-14T08:52:39,0.07868750124,0.4954958213,5.896743354
279,2004-02-14T09:02:39,0.0762905041,0.3915278702,5.347978819
280,2004-02-14T09:12:39,0.07758280544,0.351625531,4.498419438
281,2004-02-14T09:22:39,0.07689642264,0.297965743,4.694626715
282,2004-02-14T09:32:39,0.07679911556,0.3961449285,4.63547005
283,2004-02-14T09:42:39,0.07762733365,0.4395667843,5.693870692
284,2004-02-14T09:52:39,0.07806387515,0.4058667695,4.470697865
285,2004-02-14T10:02:39,0.07614604338,0.3883496713,4.806553089
286,2004-02-14T10:12:39,0.0777495293,0.5667000931,5.183311123
287,2004-02-14T10:22:39,0.07605541129,0.417836157,5.482844586
288,2004-02-14T10:32:39,0.07691889785,0.349676255,4.693254975
289,2004-02-14T10:42:39,0.07625929631,0.3821786979,5.533751561
290,2004-02-14T10:52:39,0.077503439,0.5782366157,5.199769265
291,2004-02-14T11:02:39,0.07689420524,0.5470773142,5.371015914
292,2004-02-14T11:12:39,0.0776544869,0.3311799986,4.906348818
293,2004-02-14T11:22:39,0.07698864187,0.4282343785,5.832029103
294,2004-02-14T11:32:39,0.07813684441,0.5572219183,5.682338509
295,2004-02-14T11:42:39,0.07653528311,0.4463197938,5.422335727
296,2004-02-14T11:52:39,0.07844825686,0.4749347955,5.009671543
297,2004-02-14T12:02:39,0.07781413088,0.5191691229,5.307519281
298,2004-02-14T12:12:39,0.07730263112,0.3969041106,4.773446837
299,2004-02-14T12:22:39,0.07812213151,0.4481424372,5.068986116
300,2004-02-14T12:32:39,0.07923294929,0.3589869077,5.452277163
301,2004-02-14T12:42:39,0.0753811163,0.5001967131,6.022728533
302,2004-02-14T12:52:39,0.07695273731,0.3559125944,5.107030805
303,2004-02-14T13:02:39,0.07620697076,0.523982654,5.891849466
304,2004-02-14T13:12:39,0.07855317355,0.3618641876,4.531962032
305,2004-02-14T13:22:39,0.07703774504,0.3981230179,5.477834272
306,2004-02-14T13:32:39,0.07783553311,0.4319978424,4.856393795
307,2004-02-14T13:42:39,0.07702249887,0.4120063064,4.972573022
308,2004-02-14T13:52:39,0.07605641217,0.4208909131,5.035735832
309,2004-02-14T14:02:39,0.07764319967,0.4177640584,4.868423785
310,2004-02-14T14:12:39,0.07824552016,0.4626149959,5.214356031
311,2004-02-14T14:22:39,0.07848323275,0.3663784441,5.313236795
312,2004-02-14T14:32:39,0.07779132524,0.2953570137,4.769169298
313,2004-02-14T14:42:39,0.07653336531,0.355262773,4.84755895
314,2004-02-14T14:52:39,0.07771954821,0.4379526469,5.339711946
315,2004-02-14T15:02:39,0.07693467482,0.4162375297,4.66629645
316,2004-02-14T15:12:39,0.07840756557,0.4432206449,5.573441757
317,2004-02-14T15:22:39,0.07637419925,0.3836154471,4.79219427
318,2004-02-14T15:32:39,0.07685433411,0.3601853709,5.178627915
319,2004-02-14T15:42:39,0.07689268883,0.4793932922,5.111019084
320,2004-02-14T15:52:39,0.07817967181,0.4221871397,5.525733097
321,2004-02-14T16:02:39,0.07825966082,0.4718474437,5.328415631
322,2004-02-14T16:12:39,0.0760031879,0.3043861957,5.262937136
323,2004-02-14T16:22:39,0.07756941668,0.2722136786,4.821487849
324,2004-02-14T16:32:39,0.07732922907,0.2258166102,4.952849067
325,2004-02-14T16:42:39,0.0765137016,0.4724327312,5.110195845
326,2004-02-14T16:52:39,0.07876241408,0.6552318597,5.853045585
327,2004-02-14T17:02:39,0.07563445673,0.2940289,4.997722154
328,2004-02-14T17:12:39,0.0776498416,0.3089038176,4.558927523
329,2004-02-14T17:22:39,0.07831222348,0.4207031178,5.388686226
330,2004-02-14T17:32:39,0.07748786101,0.4261150548,5.162098873
331,2004-02-14T17:42:39,0.07663856362,0.4142624304,5.258449284
332,2004-02-14T17:52:39,0.07512177874,0.4322386192,4.97858286
333,2004-02-14T18:02:39,0.07500741402,0.2640946519,4.719533457
334,2004-02-14T18:12:39,0.07638231572,0.3328084318,4.726224868
335,2004-02-14T18:22:39,0.07788027922,0.3784283216,4.67384046
336,2004-02-14T18:32:39,0.07527439097,0.4381367658,5.287322752
337,2004-02-14T18:42:39,0.07918299859,0.4132599062,4.773752027
338,2004-02-14T18:52:39,0.07800711324,0.3481483746,4.884169971
339,2004-02-14T19:02:39,0.07825582203,0.3212339905,4.868647343
340,2004-02-14T19:12:39,0.07756201211,0.5701837052,5.479486522
341,2004-02-14T19:22:39,0.07689549619,0.3632654563,4.889753219
342,2004-02-14T19:32:39,0.07675198205,0.3774049695,5.211591797
343,2004-02-14T19:42:39,0.07706073124,0.3376605342,5.073920189
344,2004-02-14T19:52:39,0.07648439894,0.4036831486,4.824513301
345,2004-02-14T20:02:39,0.07804829516,0.4955016946,5.816911171
346,2004-02-14T20:12:39,0.07650581224,0.3214339391,4.600957623
347,2004-02-14T20:22:39,0.07870505321,0.5518785151,5.857311332
348,2004-02-14T20:32:39,0.07722064161,0.4224930257,5.024563276
349,2004-02-14T20:42:39,0.07668115901,0.3061549298,5.346815376
350,2004-02-14T20:52:39,0.07560518497,0.3897900374,5.198056194
351,2004-02-14T21:02:39,0.07643147398,0.2740950474,4.788603188
352,2004-02-14T21:12:39,0.07738588467,0.4686798644,4.768311451
353,2004-02-14T21:22:39,0.07673222832,0.415053372,6.802878157
354,2004-02-14T21:32:39,0.07787403566,0.5209914178,5.765721478
355,2004-02-14T21:42:39,0.07610197915,0.468064354,6.031380591
356,2004-02-14T21:52:39,0.07844877285,0.3924706248,4.984144249
357,2004-02-14T22:02:39,0.07838618964,0.4702673332,4.822278028
358,2004-02-14T22:12:39,0.07640125207,0.4155701253,5.18316113
359,2004-02-14T22:22:39,0.07758806583,0.4161077726,5.129654873
360,2004-02-14T22:32:39,0.0763078773,0.2597374286,5.241922776
361,2004-02-14T22:42:39,0.07535862404,0.4605992205,5.016015152
362,2004-02-14T22:52:39,0.07684732479,0.296495418,4.827754265
363,2004-02-14T23:02:39,0.07787287473,0.4005970384,4.699967752
364,2004-02-14T23:12:39,0.07755523958,0.4118224568,6.550169953
365,2004-02-14T23:22:39,0.0766644003,0.4049766159,5.256677133
366,2004-02-14T23:32:39,0.07756505271,0.594161971,5.943398269
367,2004-02-14T23:42:39,0.0774949655,0.3910969739,5.07129718
368,2004-02-14T23:52:39,0.07696251021,0.4719871515,5.418222442
369,2004-02-15T00:02:39,0.07827452254,0.3734058195,4.611973197
370,2004-02-15T00:12:39,0.07576478107,0.393678131,4.962727994
371,2004-02-15T00:22:39,0.0749523729,0.3035741645,4.656290208
372,2004-02-15T00:32:39,0.0760121052,0.5926312706,5.97273288
373,2004-02-15T00:42:39,0.07784616647,0.4691571133,5.613635453
374,2004-02-15T00:52:39,0.07777190269,0.3199102816,4.80893468
375,2004-02-15T01:02:39,0.07609426463,0.4232333804,5.138363606
376,2004-02-15T01:12:39,0.07791981712,0.369609544,4.889641866
377,2004-02-15T01:22:39,0.07685402407,0.3818657,6.063443075
378,2004-02-15T01:32:39,0.07674329769,0.3646884901,4.834298384
379,2004-02-15T01:42:39,0.07582986649,0.332421998,4.86615653
380,2004-02-15T01:52:39,0.07844448612,0.5647403422,6.284699211
381,2004-02-15T02:02:39,0.07731954482,0.2586474376,4.733602621
382,2004-02-15T02:12:39,0.07740247581,0.3167613459,4.793128335
383,2004-02-15T02:22:39,0.0770157312,0.3112997958,4.973009982
384,2004-02-15T02:32:39,0.07521198947,0.3649192577,4.547147369
385,2004-02-15T02:42:39,0.07688848491,0.4047829372,5.306386262
386,2004-02-15T02:52:39,0.0763717314,0.4449028053,5.211352325
387,2004-02-15T03:02:39,0.07586469665,0.3650362835,5.022098774
388,2004-02-15T03:12:39,0.07509883722,0.368035517,5.20647209
389,2004-02-15T03:22:39,0.07799511328,0.4231812112,5.538808546
390,2004-02-15T03:32:39,0.07796534562,0.2679384299,4.566131237
391,2004-02-15T03:42:39,0.07798807595,0.4842177956,5.128989209
392,2004-02-15T03:52:39,0.07783362414,0.337109191,4.830817068
393,2004-02-15T04:02:39,0.07897315449,0.3611321322,5.191637622
394,2004-02-15T04:12:39,0.07863142766,0.4299032322,5.646597209
395,2004-02-15T04:22:39,0.07727093163,0.4383060833,5.940138035
396,2004-02-15T04:32:39,0.07686496536,0.3077839774,5.841412897
397,2004-02-15T04:42:39,0.07859432685,0.5275230618,5.471132806
398,2004-02-15T04:52:39,0.07406587578,0.1608655512,4.252970706
399,2004-02-15T05:02:39,0.07718297305,0.3360348309,5.001103025
400,2004-02-15T05:12:39,0.07760990663,0.5830624514,6.107467726
401,2004-02-15T05:22:39,0.07535483866,0.3873433248,5.374571922
402,2004-02-15T05:32:39,0.07658680737,0.3295190812,5.040032524
403,2004-02-15T05:42:39,0.07400668156,0.3465761833,4.94549941
404,2004-02-15T05:52:39,0.07723644861,0.4121063968,4.868167902
405,2004-02-15T06:02:39,0.07638222846,0.2227278038,4.608401812
406,2004-02-15T06:12:39,0.07657197231,0.3681107469,4.845114848
407,2004-02-15T06:22:39,0.0762263158,0.3140207687,4.447283021
408,2004-02-15T06:32:39,0.07611128423,0.2386430074,4.677361624
409,2004-02-15T06:42:39,0.07623503727,0.480251076,5.601099118
410,2004-02-15T06:52:39,0.07708552506,0.4056871758,5.22795946
411,2004-02-15T07:02:39,0.07748513088,0.6670576459,6.336699628
412,2004-02-15T07:12:39,0.07610651812,0.3022605357,5.203233702
413,2004-02-15T07:22:39,0.07635003556,0.4431342835,4.859198785
414,2004-02-15T07:32:39,0.07706156097,0.3695245233,5.138748748
415,2004-02-15T07:42:39,0.07699595762,0.3919277969,4.792459389
416,2004-02-15T07:52:39,0.07728027098,0.4806387098,4.891287196
417,2004-02-15T08:02:39,0.07780435763,0.3735755678,5.205363971
418,2004-02-15T08:12:39,0.07685029678,0.4013357759,4.866604498
419,2004-02-15T08:22:39,0.07659630599,0.3425783287,5.130795734
420,2004-02-15T08:32:39,0.07640399409,0.4208639558,5.91592109
421,2004-02-15T08:42:39,0.0780779524,0.3523528084,5.596970548
422,2004-02-15T08:52:39,0.07713057459,0.4000626852,5.536066628
423,2004-02-15T09:02:39,0.07667752265,0.3703430496,4.929736733
424,2004-02-15T09:12:39,0.07616845537,0.337941335,5.711025619
425,2004-02-15T09:22:39,0.07769009072,0.444462138,5.122918462
426,2004-02-15T09:32:39,0.07704597666,0.4245121177,5.386394176
427,2004-02-15T09:42:39,0.0761898357,0.2049135348,4.29191108
428,2004-02-15T09:52:39,0.0762667675,0.4773930746,5.441426373
429,2004-02-15T10:02:39,0.07687972991,0.3443925457,5.306990548
430,2004-02-15T10:12:39,0.07759393186,0.3416938055,5.219480316
431,2004-02-15T10:22:39,0.07751806462,0.4184945898,6.011501994
432,2004-02-15T10:32:39,0.07726790157,0.3435785291,4.840302278
433,2004-02-15T10:42:39,0.07629958877,0.2913308967,5.465298132
434,2004-02-15T10:52:39,0.07781444369,0.3765801215,4.857709984
435,2004-02-15T11:02:39,0.07798443417,0.2728455758,4.949705722
436,2004-02-15T11:12:39,0.07717278579,0.4433362853,4.716688613
437,2004-02-15T11:22:39,0.07657231665,0.4935185749,5.04098631
438,2004-02-15T11:32:39,0.07822583586,0.4387350438,4.959998135
439,2004-02-15T11:42:39,0.07821529157,0.2898784258,4.372546507
440,2004-02-15T11:52:39,0.07738252216,0.5335850965,5.737729756
441,2004-02-15T12:02:39,0.07726419646,0.3621181761,5.151156917
442,2004-02-15T12:12:39,0.07699383885,0.3984708523,5.5458983
443,2004-02-15T12:22:39,0.07690982602,0.4044590199,4.91484664
444,2004-02-15T12:32:39,0.07732355197,0.4491927432,4.798020662
445,2004-02-15T12:42:39,0.07831285446,0.3938119644,5.08217971
446,2004-02-15T12:52:39,0.07832065126,0.3138460015,4.890153412
447,2004-02-15T13:02:39,0.07863466598,0.6568070391,6.981653615
448,2004-02-15T13:12:39,0.07589580999,0.3326513607,5.217679343
449,2004-02-15T13:22:39,0.07599208397,0.3630223685,4.724176273
450,2004-02-15T13:32:39,0.07671332879,0.3933019145,5.096897842
451,2004-02-15T13:42:39,0.07887653618,0.3171912839,4.741587526
452,2004-02-15T13:52:39,0.07698641253,0.3960282953,5.611379798
453,2004-02-15T14:02:39,0.07870018793,0.3987174692,5.336708984
454,2004-02-15T14:12:39,0.07909664715,0.5847783239,5.095032654
455,2004-02-15T14:22:39,0.07852285259,0.3972197475,5.25961534
456,2004-02-15T14:32:39,0.07765788699,0.489032308,5.060657909
457,2004-02-15T14:42:39,0.07734418592,0.4460425803,5.559564625
458,2004-02-15T14:52:39,0.07948663379,0.4256197321,6.81875649
459,2004-02-15T15:02:39,0.07879434639,0.4393889058,5.203419011
460,2004-02-15T15:12:39,0.07817851729,0.307300391,5.154868805
461,2004-02-15T15:22:39,0.07934480602,0.3604415941,5.356368253
462,2004-02-15T15:32:39,0.07791014863,0.3972290693,4.980095749
463,2004-02-15T15:42:39,0.07741225186,0.4460789636,4.92170155
464,2004-02-15T15:52:39,0.0771760676,0.2800759092,4.807189736
465,2004-02-15T16:02:39,0.07613608262,0.4173530397,4.872853807
466,2004-02-15T16:12:39,0.07732419892,0.3020741694,5.121294569
467,2004-02-15T16:22:39,0.07663857286,0.3739964026,4.645180445
468,2004-02-15T16:32:39,0.07806556427,0.3386926978,4.816464257
469,2004-02-15T16:42:39,0.07578872289,0.4080605046,5.251440911
470,2004-02-15T16:52:39,0.07693434701,0.4681623551,5.199238254
471,2004-02-15T17:02:39,0.0773290469,0.4112921301,4.888201978
472,2004-02-15T17:12:39,0.07843469959,0.3733421371,4.819295567
473,2004-02-15T17:22:39,0.07572220509,0.2559677197,4.608951886
474,2004-02-15T17:32:39,0.07848424902,0.3059077768,5.848307218
475,2004-02-15T17:42:39,0.07769689015,0.3221271672,5.315528063
476,2004-02-15T17:52:39,0.07684735275,0.3543989447,4.827752508
477,2004-02-15T18:02:39,0.07749397185,0.3096160191,4.439054958
478,2004-02-15T18:12:39,0.07689442844,0.349066682,4.889821117
479,2004-02-15T18:22:39,0.07756135172,0.411222315,4.938026369
480,2004-02-15T18:32:39,0.07578647662,0.4064597917,4.987697236
481,2004-02-15T18:42:39,0.0766646143,0.370023172,5.165355668
482,2004-02-15T18:52:39,0.0768109413,0.5325788004,5.272686328
483,2004-02-15T19:02:39,0.07548862542,0.404713817,5.179588286
484,2004-02-15T19:12:39,0.07672604153,0.3695643133,6.425458556
485,2004-02-15T19:22:39,0.07659261589,0.4330988391,5.966632615
486,2004-02-15T19:32:39,0.07612450097,0.2680942154,6.055868927
487,2004-02-15T19:42:39,0.07587571432,0.3259681517,4.573268313
488,2004-02-15T19:52:39,0.07866708215,0.4937747919,5.186413285
489,2004-02-15T20:02:39,0.07488942304,0.2925770802,4.272966555
490,2004-02-15T20:12:39,0.07551084327,0.4815318552,5.403197506
491,2004-02-15T20:22:39,0.07746565173,0.4419314839,4.853764109
492,2004-02-15T20:32:39,0.0778799767,0.521811345,5.136108367
493,2004-02-15T20:42:39,0.07812252965,0.4536244075,5.683379711
494,2004-02-15T20:52:39,0.07611407711,0.4236777373,5.45234227
495,2004-02-15T21:02:39,0.07747078961,0.2983025357,5.266501117
496,2004-02-15T21:12:39,0.07693442285,0.3992394229,5.108246548
497,2004-02-15T21:22:39,0.0784510378,0.4222141333,5.00949396
498,2004-02-15T21:32:39,0.07712598352,0.4764364474,4.901072022
499,2004-02-15T21:42:39,0.07664916109,0.3649387131,5.035932481
500,2004-02-15T21:52:39,0.07609715053,0.4046983336,5.138168739
501,2004-02-15T22:02:39,0.07746998978,0.4164259373,5.576352872
502,2004-02-15T22:12:39,0.07800517279,0.5485896012,6.640585252
503,2004-02-15T22:22:39,0.07763653013,0.3779436618,5.152213775
504,2004-02-15T22:32:39,0.07918840148,0.3224069469,5.240666464
505,2004-02-15T22:42:39,0.07754853036,0.2677201212,5.042003997
506,2004-02-15T22:52:39,0.07856042876,0.3885134945,5.778990863
507,2004-02-15T23:02:39,0.07898196831,0.4070034551,5.59621404
508,2004-02-15T23:12:39,0.07907627968,0.3474743632,4.94459276
509,2004-02-15T23:22:39,0.07822047728,0.5459184114,5.842459876
510,2004-02-15T23:32:39,0.07781550948,0.4326999131,5.178916166
511,2004-02-15T23:42:39,0.07752908728,0.3029990008,4.720808832
512,2004-02-15T23:52:39,0.0815354463,0.5666889214,5.923803964
513,2004-02-16T00:02:39,0.0768017817,0.3561730038,6.171731821
514,2004-02-16T00:12:39,0.07831487271,0.3889919624,4.775593538
515,2004-02-16T00:22:39,0.07714297014,0.3527962049,4.679622775
516,2004-02-16T00:32:39,0.07835456304,0.4422175698,5.385774403
517,2004-02-16T00:42:39,0.07742108697,0.2839152362,4.882390765
518,2004-02-16T00:52:39,0.07557168931,0.3718072446,5.292987409
519,2004-02-16T01:02:39,0.07788295129,0.3312873268,4.609481203
520,2004-02-16T01:12:39,0.07903823151,0.4731143985,5.528969862
521,2004-02-16T01:22:39,0.07650243562,0.4433637639,5.202448742
522,2004-02-16T01:32:39,0.07822062242,0.3201974871,4.998681779
523,2004-02-16T01:42:39,0.07962149994,0.3700720104,5.086565819
524,2004-02-16T01:52:39,0.07955654282,0.375578519,5.342112477
525,2004-02-16T02:02:39,0.0801082931,0.5260048179,6.216584835
526,2004-02-16T02:12:39,0.07790080049,0.3387606416,5.019203879
527,2004-02-16T02:22:39,0.07848352018,0.2777135624,5.04564524
528,2004-02-16T02:32:39,0.07816136966,0.3701884936,5.565409126
529,2004-02-16T02:42:39,0.07782842583,0.4589822559,5.113812797
530,2004-02-16T02:52:39,0.07946396958,0.3304373932,4.580692381
531,2004-02-16T03:02:39,0.07711978716,0.3937705929,5.160802625
532,2004-02-16T03:12:39,0.08226511158,0.5003740742,5.555210358
533,2004-02-16T03:22:39,0.08432588993,0.4508448021,5.099264299
534,2004-02-16T03:32:39,0.08428004987,0.378376512,4.746081672
535,2004-02-16T03:42:39,0.08309850817,0.2911308678,5.054242359
536,2004-02-16T03:52:39,0.08266808841,0.2089792134,4.753950497
537,2004-02-16T04:02:39,0.08427124871,0.3980557699,4.983906213
538,2004-02-16T04:12:39,0.08598723192,0.4703129066,5.535705585
539,2004-02-16T04:22:39,0.08444288039,0.4865130026,6.09879717
540,2004-02-16T04:32:39,0.08268255902,0.2659585589,4.753118489
541,2004-02-16T04:42:39,0.0836379521,0.3818054416,4.782517864
542,2004-02-16T04:52:39,0.08381571233,0.3876737074,5.297336116
543,2004-02-16T05:02:39,0.08551655227,0.3946015078,4.911329898
544,2004-02-16T05:12:39,0.08430120065,0.3658697396,4.863513174
545,2004-02-16T05:22:39,0.08697885682,0.436417378,4.575824684
546,2004-02-16T05:32:39,0.08478583054,0.4287637975,6.109511421
547,2004-02-16T05:42:39,0.0851684716,0.3289489991,4.849212299
548,2004-02-16T05:52:39,0.0869916991,0.4340085156,4.632625919
549,2004-02-16T06:02:39,0.08695528664,0.316694188,4.554064684
550,2004-02-16T06:12:39,0.08790080163,0.4301471942,5.335559987
551,2004-02-16T06:22:39,0.08565032244,0.436358646,4.623450195
552,2004-02-16T06:32:39,0.08544638076,0.4780069178,6.226126786
553,2004-02-16T06:42:39,0.08661301155,0.4862233238,5.103159353
554,2004-02-16T06:52:39,0.0876043563,0.4443845023,4.965506493
555,2004-02-16T07:02:39,0.08819957754,0.4654821554,4.977348103
556,2004-02-16T07:12:39,0.0860538922,0.4927349634,4.683111823
557,2004-02-16T07:22:39,0.08917826413,0.4000941939,5.584320404
558,2004-02-16T07:32:39,0.08561711643,0.4048794403,4.648603184
559,2004-02-16T07:42:39,0.08827365731,0.3659394533,4.486049543
560,2004-02-16T07:52:39,0.08883351292,0.3770945052,5.358338136
561,2004-02-16T08:02:39,0.0873053773,0.3762033638,5.177229788
562,2004-02-16T08:12:39,0.0874788557,0.4396049452,5.304138883
563,2004-02-16T08:22:39,0.08891707563,0.4402469915,5.387041765
564,2004-02-16T08:32:39,0.08606533532,0.3213036144,4.647631924
565,2004-02-16T08:42:39,0.0884975238,0.5412085936,5.186585797
566,2004-02-16T08:52:39,0.0878493642,0.5760381353,6.306249397
567,2004-02-16T09:02:39,0.08692632196,0.4667661949,4.555582142
568,2004-02-16T09:12:39,0.08674333435,0.4479858329,5.545094659
569,2004-02-16T09:22:39,0.08853620513,0.4423948374,5.703881246
570,2004-02-16T09:32:39,0.08814084161,0.4220735794,5.230265466
571,2004-02-16T09:42:39,0.08998700481,0.4186217011,4.100592088
572,2004-02-16T09:52:39,0.0884050106,0.5602555996,5.056274492
573,2004-02-16T10:02:39,0.0876467901,0.413727954,4.791961001
574,2004-02-16T10:12:39,0.08951969957,0.4979649616,4.937460717
575,2004-02-16T10:22:39,0.08913656022,0.4491554237,4.734308784
576,2004-02-16T10:32:39,0.08819533236,0.5134914074,5.374434081
577,2004-02-16T10:42:39,0.08845663938,0.4848934954,4.80461391
578,2004-02-16T10:52:39,0.09015074317,0.6217770022,5.357692938
579,2004-02-16T11:02:39,0.09071041799,0.4888141348,4.982889618
580,2004-02-16T11:12:39,0.0899144146,0.4496169147,5.049246019
581,2004-02-16T11:22:39,0.09103706078,0.3634126158,4.822211924
582,2004-02-16T11:32:39,0.09011333847,0.5452279361,5.448693927
583,2004-02-16T11:42:39,0.09209473537,0.6274695338,5.038290171
584,2004-02-16T11:52:39,0.08920837095,0.5871157699,4.539932696
585,2004-02-16T12:02:39,0.08972886133,0.5146706994,5.628066517
586,2004-02-16T12:12:39,0.09109389339,0.459517461,4.424006759
587,2004-02-16T12:22:39,0.09182397074,0.5832556523,5.074927563
588,2004-02-16T12:32:39,0.08981583914,0.5313526949,6.056838139
589,2004-02-16T12:42:39,0.0912369926,0.4307299921,4.625316859
590,2004-02-16T12:52:39,0.09086885403,0.5431208422,4.996211351
591,2004-02-16T13:02:39,0.08962443313,0.5000568354,5.500732142
592,2004-02-16T13:12:39,0.08982404539,0.4430800476,5.544172474
593,2004-02-16T13:22:39,0.09140617655,0.5828125626,5.470089866
594,2004-02-16T13:32:39,0.09195853452,0.4359665616,4.621648249
595,2004-02-16T13:42:39,0.09039873667,0.4791268255,4.269971177
596,2004-02-16T13:52:39,0.09161855206,0.4773219216,4.955328258
597,2004-02-16T14:02:39,0.09144305643,0.5755229887,4.910159585
598,2004-02-16T14:12:39,0.09038385103,0.3854103497,5.266427515
599,2004-02-16T14:22:39,0.09101168178,0.5069703567,4.296151794
600,2004-02-16T14:32:39,0.09111499109,0.5420037471,5.44367062
601,2004-02-16T14:42:39,0.09316506453,0.5609820954,5.871299535
602,2004-02-16T14:52:39,0.09196030611,0.3948689754,4.860792867
603,2004-02-16T15:02:39,0.09220456198,0.7432975553,5.455261531
604,2004-02-16T15:12:39,0.09182987332,0.5517784022,4.8132485
605,2004-02-16T15:22:39,0.09341100455,0.4625226492,5.352688395
606,2004-02-16T15:32:39,0.09314935818,0.6215580358,4.798744819
607,2004-02-16T15:42:39,0.0936125821,0.5944372851,5.373209335
608,2004-02-16T15:52:39,0.0945364761,0.4948223121,4.749489494
609,2004-02-16T16:02:39,0.09488179632,0.4545847497,4.479257523
610,2004-02-16T16:12:39,0.09591115706,0.5121334435,5.192305205
611,2004-02-16T16:22:39,0.09453624651,0.4503024925,5.066839627
612,2004-02-16T16:32:39,0.09484404113,0.5362435114,4.765718485
613,2004-02-16T16:42:39,0.09559869277,0.4700351609,4.728098125
614,2004-02-16T16:52:39,0.09627068467,0.4821477384,4.539284222
615,2004-02-16T17:02:39,0.09629343886,0.4809149931,4.413592505
616,2004-02-16T17:12:39,0.0949884075,0.7511586474,5.348021021
617,2004-02-16T17:22:39,0.09552074356,0.656478306,5.265871906
618,2004-02-16T17:32:39,0.09492288323,0.5195036891,4.85657393
619,2004-02-16T17:42:39,0.09428204497,0.4795562274,5.080500748
620,2004-02-16T17:52:39,0.09331646085,0.6900665599,5.283097918
621,2004-02-16T18:02:39,0.09846557958,0.6142024183,5.606019915
622,2004-02-16T18:12:39,0.09505307009,0.5214360965,4.702636113
623,2004-02-16T18:22:39,0.09558984316,0.5461967132,4.519308597
624,2004-02-16T18:32:39,0.09694473045,0.7066014705,5.539238673
625,2004-02-16T18:42:39,0.09651140942,0.5868126529,5.31543372
626,2004-02-16T18:52:39,0.09612524027,0.5574171386,4.442121537
627,2004-02-16T19:02:39,0.09615338622,0.5643935427,5.616026863
628,2004-02-16T19:12:39,0.09568015541,0.5436207732,4.671815154
629,2004-02-16T19:22:39,0.09588543375,0.5675984206,4.807820979
630,2004-02-16T19:32:39,0.09359121892,0.5771797569,4.615817648
631,2004-02-16T19:42:39,0.09780139264,0.6771886125,5.541843376
632,2004-02-16T19:52:39,0.09710681061,0.6499851458,5.056287988
633,2004-02-16T20:02:39,0.09409151883,0.5973913544,4.825089505
634,2004-02-16T20:12:39,0.09633701373,0.5472246871,5.781786028
635,2004-02-16T20:22:39,0.09589212715,0.6811948932,5.318476242
636,2004-02-16T20:32:39,0.09741922811,0.5790203455,5.666232536
637,2004-02-16T20:42:39,0.0976594567,0.6133940914,4.648807349
638,2004-02-16T20:52:39,0.09483689123,0.6512805701,5.198398995
639,2004-02-16T21:02:39,0.09751085677,0.5207344686,4.912273524
640,2004-02-16T21:12:39,0.09844802226,0.5386898269,4.642043482
641,2004-02-16T21:22:39,0.09941949426,0.6725187097,4.415633003
642,2004-02-16T21:32:39,0.09837947,0.552083844,5.011208131
643,2004-02-16T21:42:39,0.09805131489,0.6552368689,4.212080179
644,2004-02-16T21:52:39,0.09792751076,0.6111333438,4.860738278
645,2004-02-16T22:02:39,0.0972731463,0.5724844893,5.047641808
646,2004-02-16T22:12:39,0.09838645353,0.5403197852,4.716096407
647,2004-02-16T22:22:39,0.103793797,1.057977803,4.77870561
648,2004-02-16T22:32:39,0.1063864911,0.8593839482,4.699844826
649,2004-02-16T22:42:39,0.1050278946,0.859403369,4.741597477
650,2004-02-16T22:52:39,0.1053547935,0.8345135768,4.840785909
651,2004-02-16T23:02:39,0.1062761847,0.8989962839,4.958777936
652,2004-02-16T23:12:39,0.1042921619,0.7805928631,4.381920863
653,2004-02-16T23:22:39,0.1058579707,0.9324437463,4.798882849
654,2004-02-16T23:32:39,0.1062098991,0.7618131671,4.52876807
655,2004-02-16T23:42:39,0.103015902,1.03529559,5.542833569
656,2004-02-16T23:52:39,0.1059693813,0.7446224362,4.652287237
657,2004-02-17T00:02:39,0.105959381,0.8544294796,5.001916723
658,2004-02-17T00:12:39,0.1046403042,0.9503298348,5.246544381
659,2004-02-17T00:22:39,0.1056420719,0.8951812464,4.619371724
660,2004-02-17T00:32:39,0.1043595437,0.7816348788,4.752799625
661,2004-02-17T00:42:39,0.1066278717,0.7678642561,4.736097531
662,2004-02-17T00:52:39,0.1066217742,0.7654697766,4.558168382
663,2004-02-17T01:02:39,0.1047026855,0.7869819152,6.064791912
664,2004-02-17T01:12:39,0.1042101032,0.8916386741,4.711635293
665,2004-02-17T01:22:39,0.1061232804,0.814996322,4.965922635
666,2004-02-17T01:32:39,0.1068563701,0.9259511693,4.978645628
667,2004-02-17T01:42:39,0.1048405826,0.7773012337,5.751589558
668,2004-02-17T01:52:39,0.1035993598,0.8176352011,4.57531785
669,2004-02-17T02:02:39,0.10616085,0.6430516614,5.265594614
670,2004-02-17T02:12:39,0.1063185285,0.7746946323,4.618197855
671,2004-02-17T02:22:39,0.1049126355,0.7594868721,4.632425806
672,2004-02-17T02:32:39,0.1029637437,0.7345061687,4.690971623
673,2004-02-17T02:42:39,0.1020035417,0.9054039208,5.411576805
674,2004-02-17T02:52:39,0.1048912714,0.765385118,4.395027289
675,2004-02-17T03:02:39,0.1028386346,0.8056773826,4.823090096
676,2004-02-17T03:12:39,0.1041387915,0.7673505265,5.15657991
677,2004-02-17T03:22:39,0.1052710538,0.8042036899,5.034622346
678,2004-02-17T03:32:39,0.1053157691,0.8374606137,4.823589137
679,2004-02-17T03:42:39,0.1032144789,0.7876753192,4.379230556
680,2004-02-17T03:52:39,0.1040031482,0.7657113843,4.692165655
681,2004-02-17T04:02:39,0.1048005406,0.8513716239,4.770967754
682,2004-02-17T04:12:39,0.1048891609,0.8011197733,5.005283628
683,2004-02-17T04:22:39,0.104480494,0.8875430048,5.091859537
684,2004-02-17T04:32:39,0.1053248273,0.8239941692,5.09851299
685,2004-02-17T04:42:39,0.1071076169,0.9259360915,5.247059137
686,2004-02-17T04:52:39,0.107124311,1.049979708,4.835503677
687,2004-02-17T05:02:39,0.1052075731,0.8787991226,5.199245488
688,2004-02-17T05:12:39,0.1051648281,0.8321046947,4.849530107
689,2004-02-17T05:22:39,0.105749623,0.8605328986,4.643042557
690,2004-02-17T05:32:39,0.1054392915,0.9539876787,5.52924808
691,2004-02-17T05:42:39,0.1066928828,0.9485028239,4.527012368
692,2004-02-17T05:52:39,0.10714597,0.9324927362,5.198515633
693,2004-02-17T06:02:39,0.1082455801,1.042394293,4.665317507
694,2004-02-17T06:12:39,0.1066530245,1.117808397,5.100652351
695,2004-02-17T06:22:39,0.1057523001,0.983877311,4.64292502
696,2004-02-17T06:32:39,0.1072800343,1.068532133,5.164055023
697,2004-02-17T06:42:39,0.1092699857,1.137680482,4.850371274
698,2004-02-17T06:52:39,0.1065008807,0.9490147794,4.741744824
699,2004-02-17T07:02:39,0.1097905924,1.014171428,5.246351146
700,2004-02-17T07:12:39,0.1127678236,1.077586553,4.895013334
701,2004-02-17T07:22:39,0.1202887075,1.345963648,4.888239406
702,2004-02-17T07:32:39,0.1668962865,2.389072298,4.841330007
703,2004-02-17T07:42:39,0.1717619405,2.385087714,5.129192168
704,2004-02-17T07:52:39,0.1737544359,2.626807409,5.19698962
705,2004-02-17T08:02:39,0.1717791844,2.618903046,5.67007
706,2004-02-17T08:12:39,0.1691172614,2.507133901,5.008359248
707,2004-02-17T08:22:39,0.1736918047,2.506406652,4.991599929
708,2004-02-17T08:32:39,0.1685995352,2.467265337,5.15422536
709,2004-02-17T08:42:39,0.1668656056,2.686524509,5.045976953
710,2004-02-17T08:52:39,0.1725233718,2.221581229,4.497941304
711,2004-02-17T09:02:39,0.1698247695,2.547557373,5.882534113
712,2004-02-17T09:12:39,0.1688369468,2.248777067,5.075903209
713,2004-02-17T09:22:39,0.1684934776,2.29543109,4.706413632
714,2004-02-17T09:32:39,0.1695095153,2.236064582,4.524819734
715,2004-02-17T09:42:39,0.1699360302,2.384176896,5.272572268
716,2004-02-17T09:52:39,0.1650954306,2.759009037,5.172765816
717,2004-02-17T10:02:39,0.1655270049,2.509875143,5.249898652
718,2004-02-17T10:12:39,0.1650368826,2.373606333,5.174600894
719,2004-02-17T10:22:39,0.1681014251,2.370612073,4.515131265
720,2004-02-17T10:32:39,0.1640990355,2.515889167,5.149329473
721,2004-02-17T10:42:39,0.165164237,2.342150831,4.952646013
722,2004-02-17T10:52:39,0.1641279001,2.578314431,5.026567693
723,2004-02-17T11:02:39,0.1638367454,2.531885326,4.889013133
724,2004-02-17T11:12:39,0.163215899,2.624170868,4.803453614
725,2004-02-17T11:22:39,0.1684788962,2.3984384,4.944239419
726,2004-02-17T11:32:39,0.1669735067,2.304491357,5.072661026
727,2004-02-17T11:42:39,0.1656380959,2.661062023,5.14374423
728,2004-02-17T11:52:39,0.1641586674,2.448180649,5.129183939
729,2004-02-17T12:02:39,0.1652497248,2.348742119,5.2587077
730,2004-02-17T12:12:39,0.166305849,2.555336429,5.195247223
731,2004-02-17T12:22:39,0.1575511747,2.756871698,5.560098181
732,2004-02-17T12:32:39,0.1621242603,2.539827059,4.86663747
733,2004-02-17T12:42:39,0.1558261738,2.464085946,5.153177932
734,2004-02-17T12:52:39,0.1567899709,2.397824838,5.606225928
735,2004-02-17T13:02:39,0.1541765148,2.380993795,5.085080573
736,2004-02-17T13:12:39,0.1550276661,2.385724183,5.508694168
737,2004-02-17T13:22:39,0.1547995549,2.326244291,5.439292126
738,2004-02-17T13:32:39,0.1450686467,2.260390343,5.314725253
739,2004-02-17T13:42:39,0.1425129596,2.398569852,5.192510226
740,2004-02-17T13:52:39,0.1480889167,2.158488614,5.354890952
741,2004-02-17T14:02:39,0.1452710146,2.20445942,5.761644898
742,2004-02-17T14:12:39,0.1439164398,2.027148274,4.968160697
743,2004-02-17T14:22:39,0.1397271216,2.342641301,5.052705531
744,2004-02-17T14:32:39,0.1394211169,1.986605434,5.063795323
745,2004-02-17T14:42:39,0.1397635746,2.071652361,5.051387688
746,2004-02-17T14:52:39,0.1424209492,1.999828895,5.195864825
747,2004-02-17T15:02:39,0.1385682428,2.22516441,5.636212052
748,2004-02-17T15:12:39,0.1405953207,2.088408876,5.085517759
749,2004-02-17T15:22:39,0.1344781463,2.514313712,5.629167422
750,2004-02-17T15:32:39,0.1405355472,2.029423853,4.931136738
751,2004-02-17T15:42:39,0.1395541735,2.174915562,5.338428665
752,2004-02-17T15:52:39,0.1350944431,2.222977869,5.188962508
753,2004-02-17T16:02:39,0.1356580144,2.112065655,5.867696084
754,2004-02-17T16:12:39,0.1349713609,2.253797686,5.897547411
755,2004-02-17T16:22:39,0.1318968998,2.279686743,6.474754153
756,2004-02-17T16:32:39,0.1285172319,1.945475244,5.337805597
757,2004-02-17T16:42:39,0.1258923314,1.9975428,5.369667815
758,2004-02-17T16:52:39,0.1257634578,1.90925979,5.589859029
759,2004-02-17T17:02:39,0.1243603911,2.080224099,5.870036217
760,2004-02-17T17:12:39,0.1227486728,1.849944924,5.547921493
761,2004-02-17T17:22:39,0.1205121025,1.836339405,7.493023368
762,2004-02-17T17:32:39,0.1166632473,1.49478509,5.751597142
763,2004-02-17T17:42:39,0.1179231764,1.773545707,7.06392098
764,2004-02-17T17:52:39,0.1128586153,1.42460823,5.475877925
765,2004-02-17T18:02:39,0.1124911624,1.552294877,5.182629351
766,2004-02-17T18:12:39,0.1113282717,1.330958797,5.793676576
767,2004-02-17T18:22:39,0.1111174329,1.386685689,5.426691244
768,2004-02-17T18:32:39,0.110867505,1.609342833,5.502063026
769,2004-02-17T18:42:39,0.1101719397,1.368957008,5.654797416
770,2004-02-17T18:52:39,0.1100350765,1.273868225,4.98931811
771,2004-02-17T19:02:39,0.1070069605,1.222080774,5.205268866
772,2004-02-17T19:12:39,0.1072848458,1.073305003,5.005366751
773,2004-02-17T19:22:39,0.107817789,1.23315128,6.631558728
774,2004-02-17T19:32:39,0.1057370178,1.152887412,5.428562406
775,2004-02-17T19:42:39,0.1038526067,0.9432393234,6.229983249
776,2004-02-17T19:52:39,0.1067898423,1.175502397,6.077357043
777,2004-02-17T20:02:39,0.1052975265,0.8799226511,5.033356599
778,2004-02-17T20:12:39,0.1042466286,1.033177651,4.968985636
779,2004-02-17T20:22:39,0.1034635433,1.000355245,5.045255396
780,2004-02-17T20:32:39,0.1030314727,0.9084447006,5.376997778
781,2004-02-17T20:42:39,0.09932441224,0.7717927254,5.356185735
782,2004-02-17T20:52:39,0.1027710552,0.9268405708,5.273858469
783,2004-02-17T21:02:39,0.1015104855,0.96672395,6.826880955
784,2004-02-17T21:12:39,0.1005011114,0.6652145803,4.805917003
785,2004-02-17T21:22:39,0.09937990578,0.7488124697,4.739388675
786,2004-02-17T21:32:39,0.1026071065,0.8222244311,5.214063802
787,2004-02-17T21:42:39,0.1000123454,0.6527158309,5.41933096
788,2004-02-17T21:52:39,0.102766156,0.6411511579,5.040569973
789,2004-02-17T22:02:39,0.1007924408,0.6885271015,4.792026033
790,2004-02-17T22:12:39,0.1007172442,0.869373249,4.964393177
791,2004-02-17T22:22:39,0.1021257557,0.8122074072,5.356141518
792,2004-02-17T22:32:39,0.1027555945,0.7643725474,5.916952773
793,2004-02-17T22:42:39,0.1032472086,0.8305410434,5.133310694
794,2004-02-17T22:52:39,0.1047390102,0.8673107337,5.337075451
795,2004-02-17T23:02:39,0.1054604078,1.039995383,5.07299385
796,2004-02-17T23:12:39,0.1041761898,0.9779203766,5.346711194
797,2004-02-17T23:22:39,0.1051293637,0.867729822,5.203113392
798,2004-02-17T23:32:39,0.1030311934,0.9835885532,6.13406464
799,2004-02-17T23:42:39,0.1061536698,0.964631937,5.520299026
800,2004-02-17T23:52:39,0.1057892064,0.8522948759,5.028868425
801,2004-02-18T00:02:39,0.1062451288,1.061652624,5.03552498
802,2004-02-18T00:12:39,0.1063695217,0.9432614958,4.954426715
803,2004-02-18T00:22:39,0.1059380247,1.036557386,5.437141209
804,2004-02-18T00:32:39,0.1089140454,1.007167888,5.922101209
805,2004-02-18T00:42:39,0.1074263563,0.9072687402,4.998773287
806,2004-02-18T00:52:39,0.1087270427,1.060751118,5.095328503
807,2004-02-18T01:02:39,0.1102030913,1.030564302,5.362825969
808,2004-02-18T01:12:39,0.1098487072,0.9164351948,5.735160804
809,2004-02-18T01:22:39,0.1085599882,0.8935671532,4.679440448
810,2004-02-18T01:32:39,0.1097143857,0.8486574603,4.557287512
811,2004-02-18T01:42:39,0.1102151445,0.906351215,4.609166937
812,2004-02-18T01:52:39,0.1084292419,1.012676124,5.856353777
813,2004-02-18T02:02:39,0.1087873757,0.8323828172,4.982195741
814,2004-02-18T02:12:39,0.1094551646,0.8226663723,4.613761277
815,2004-02-18T02:22:39,0.1102251037,0.8273301047,4.853703757
816,2004-02-18T02:32:39,0.1100723628,0.9088525635,5.541808903
817,2004-02-18T02:42:39,0.1104909759,0.8800067254,5.258347979
818,2004-02-18T02:52:39,0.1110823561,0.9103188476,5.077313983
819,2004-02-18T03:02:39,0.1118109702,0.7821177361,4.713312109
820,2004-02-18T03:12:39,0.1137785535,1.05250776,5.774374695
821,2004-02-18T03:22:39,0.1112131285,1.003708777,5.574881384
822,2004-02-18T03:32:39,0.1127984966,0.986637151,5.106451039
823,2004-02-18T03:42:39,0.1376068509,1.434080706,4.774471589
824,2004-02-18T03:52:39,0.1371605086,1.427736583,5.052474702
825,2004-02-18T04:02:39,0.1358255588,1.525367831,5.426077437
826,2004-02-18T04:12:39,0.1412829227,1.3180243,5.04661134
827,2004-02-18T04:22:39,0.1392439846,1.654183388,5.558588416
828,2004-02-18T04:32:39,0.141492144,1.352631086,4.608029688
829,2004-02-18T04:42:39,0.1454615142,1.437992035,5.424115132
830,2004-02-18T04:52:39,0.1422660971,1.4857916,4.702455565
831,2004-02-18T05:02:39,0.1484851683,1.621274429,4.667132804
832,2004-02-18T05:12:39,0.1473412064,1.790152476,4.886616701
833,2004-02-18T05:22:39,0.1502073183,1.604501406,4.646910735
834,2004-02-18T05:32:39,0.1523604709,1.81127094,4.791268994
835,2004-02-18T05:42:39,0.1579747311,1.739843361,5.595831648
836,2004-02-18T05:52:39,0.156426085,2.043003855,5.229306864
837,2004-02-18T06:02:39,0.1585508618,1.722214414,4.850178619
838,2004-02-18T06:12:39,0.1618536904,1.67806988,4.646171479
839,2004-02-18T06:22:39,0.1632484297,2.01478902,4.918883455
840,2004-02-18T06:32:39,0.1611778857,1.797566551,5.894108834
841,2004-02-18T06:42:39,0.1638602615,1.938961606,4.827283886
842,2004-02-18T06:52:39,0.1641407357,1.715053803,4.569249656
843,2004-02-18T07:02:39,0.1652286818,1.982821655,4.666260069
844,2004-02-18T07:12:39,0.1666570304,2.070871004,5.274304949
845,2004-02-18T07:22:39,0.1676587771,2.181972051,4.837205747
846,2004-02-18T07:32:39,0.1664917103,2.246652075,5.411680848
847,2004-02-18T07:42:39,0.1642181359,2.048758309,5.230847345
848,2004-02-18T07:52:39,0.17028355,1.763968278,4.803752329
849,2004-02-18T08:02:39,0.1736250683,1.948658002,4.935923183
850,2004-02-18T08:12:39,0.1729865489,1.853814794,4.404966773
851,2004-02-18T08:22:39,0.1732941361,1.95017691,5.014595528
852,2004-02-18T08:32:39,0.1684884876,1.923412204,4.866801356
853,2004-02-18T08:42:39,0.1629254004,1.854188485,4.572644894
854,2004-02-18T08:52:39,0.1610574538,1.866960291,4.669141243
855,2004-02-18T09:02:39,0.1632516829,1.885574564,4.771773168
856,2004-02-18T09:12:39,0.165580453,2.042238959,4.777133928
857,2004-02-18T09:22:39,0.1713765109,1.970578974,4.732270459
858,2004-02-18T09:32:39,0.1615881583,1.656941558,5.074629283
859,2004-02-18T09:42:39,0.160485999,1.985390302,4.866468135
860,2004-02-18T09:52:39,0.1626412783,1.737185721,4.832721486
861,2004-02-18T10:02:39,0.1596709729,1.930010578,5.135560868
862,2004-02-18T10:12:39,0.1652396199,1.697910947,4.563070288
863,2004-02-18T10:22:39,0.1635231002,1.797294406,4.586507956
864,2004-02-18T10:32:39,0.1618130806,1.86228053,4.523738114
865,2004-02-18T10:42:39,0.1601438847,1.802440264,5.001752026
866,2004-02-18T10:52:39,0.1536215474,1.989785665,5.135998258
867,2004-02-18T11:02:39,0.1511838291,1.909744086,5.099751768
868,2004-02-18T11:12:39,0.1498162667,2.010027807,5.439996723
869,2004-02-18T11:22:39,0.1493351951,1.851587531,5.544573733
870,2004-02-18T11:32:39,0.1498185817,1.82471066,5.506660059
871,2004-02-18T11:42:39,0.1498629814,2.143778797,5.324864037
872,2004-02-18T11:52:39,0.1671836753,2.348869357,5.269653261
873,2004-02-18T12:02:39,0.1699991704,2.207939092,5.241202049
874,2004-02-18T12:12:39,0.1603672281,2.159949,6.179566809
875,2004-02-18T12:22:39,0.1594284301,2.312207884,5.268821876
876,2004-02-18T12:32:39,0.1593988132,1.935710533,5.269800843
877,2004-02-18T12:42:39,0.1543721764,2.016359548,5.363660857
878,2004-02-18T12:52:39,0.1502185356,1.959021613,5.219062992
879,2004-02-18T13:02:39,0.1537879396,2.324669327,5.982263644
880,2004-02-18T13:12:39,0.1555949155,2.143193924,5.520745952
881,2004-02-18T13:22:39,0.151900216,2.413347031,5.674777972
882,2004-02-18T13:32:39,0.1502383227,2.702736208,5.477963179
883,2004-02-18T13:42:39,0.151977895,2.342809812,5.237603798
884,2004-02-18T13:52:39,0.1554629642,2.455089645,6.001429373
885,2004-02-18T14:02:39,0.1559253087,2.24155698,4.944675154
886,2004-02-18T14:12:39,0.155342684,2.617530006,6.270008829
887,2004-02-18T14:22:39,0.1544391289,2.784423139,5.562061935
888,2004-02-18T14:32:39,0.1553537588,2.616164082,5.439198938
889,2004-02-18T14:42:39,0.1636656377,2.826460757,5.608996567
890,2004-02-18T14:52:39,0.1562463934,2.986025426,5.996938423
891,2004-02-18T15:02:39,0.1453874598,2.500774861,6.149086042
892,2004-02-18T15:12:39,0.1357511096,1.857488728,5.591114518
893,2004-02-18T15:22:39,0.1319658662,1.728418354,5.402912287
894,2004-02-18T15:32:39,0.1255796459,1.170020712,4.976921185
895,2004-02-18T15:42:39,0.1225052927,0.7577765262,5.738527575
896,2004-02-18T15:52:39,0.1219323144,0.8535628017,4.928964096
897,2004-02-18T16:02:39,0.1188806491,0.7442252875,4.803136626
898,2004-02-18T16:12:39,0.1212316783,0.7446591645,4.874963444
899,2004-02-18T16:22:39,0.1201982247,0.6216526602,5.199744017
900,2004-02-18T16:32:39,0.1207111385,0.6546762591,5.036817709
901,2004-02-18T16:42:39,0.1260182391,0.6512671865,4.491413339
902,2004-02-18T16:52:39,0.1288969794,0.7079267108,5.267772784
903,2004-02-18T17:02:39,0.1438665827,0.891240521,5.074145688
904,2004-02-18T17:12:39,0.1530643899,0.9429930693,4.62550434
905,2004-02-18T17:22:39,0.1662419896,1.348028731,5.034829057
906,2004-02-18T17:32:39,0.1754550099,1.18329169,4.274600084
907,2004-02-18T17:42:39,0.1828518619,1.385662486,5.326716335
908,2004-02-18T17:52:39,0.1830478104,1.23367705,4.190162114
909,2004-02-18T18:02:39,0.184340913,1.30336619,4.301812262
910,2004-02-18T18:12:39,0.1736957101,1.020374964,4.456068602
911,2004-02-18T18:22:39,0.165102116,1.067268555,4.863656625
912,2004-02-18T18:32:39,0.1731774107,1.146197453,4.556021463
913,2004-02-18T18:42:39,0.1776919525,1.352606106,5.15498866
914,2004-02-18T18:52:39,0.1765543943,1.339958487,4.395246026
915,2004-02-18T19:02:39,0.1930376842,1.830056361,5.159614322
916,2004-02-18T19:12:39,0.1769176388,1.367977875,4.459702296
917,2004-02-18T19:22:39,0.171015026,1.696591728,5.426423758
918,2004-02-18T19:32:39,0.1751558075,1.744786421,4.97842471
919,2004-02-18T19:42:39,0.1699385273,2.255060008,5.472567137
920,2004-02-18T19:52:39,0.1755212736,2.063029879,5.093399687
921,2004-02-18T20:02:39,0.1695960599,2.114570283,5.165214336
922,2004-02-18T20:12:39,0.1845981165,2.410826162,5.195069259
923,2004-02-18T20:22:39,0.1796533054,2.008146048,5.070878032
924,2004-02-18T20:32:39,0.1715689192,1.313511599,5.478847825
925,2004-02-18T20:42:39,0.1692448005,1.076426806,4.921864646
926,2004-02-18T20:52:39,0.1579695923,0.7112063302,4.652794182
927,2004-02-18T21:02:39,0.1509290111,0.8786514148,4.67769579
928,2004-02-18T21:12:39,0.1583352741,0.5093037113,4.503102697
929,2004-02-18T21:22:39,0.1705056983,0.3598556797,4.211002958
930,2004-02-18T21:32:39,0.1677026281,0.3978019425,4.281387883
931,2004-02-18T21:42:39,0.1796205148,0.5302426758,4.78230452
932,2004-02-18T21:52:39,0.1920455599,0.757104947,4.931121556
933,2004-02-18T22:02:39,0.1999962129,0.860935883,4.270080857
934,2004-02-18T22:12:39,0.2244572852,1.431368065,4.468556228
935,2004-02-18T22:22:39,0.2659295177,2.188355899,4.553838214
936,2004-02-18T22:32:39,0.2011581128,1.816224804,5.289371557
937,2004-02-18T22:42:39,0.1969095879,1.428409191,5.220670111
938,2004-02-18T22:52:39,0.195597599,1.190712565,4.928485854
939,2004-02-18T23:02:39,0.1664728015,0.7069339011,4.721491996
940,2004-02-18T23:12:39,0.1624004647,0.8365146409,4.963039985
941,2004-02-18T23:22:39,0.1700693232,0.8079763667,4.898002674
942,2004-02-18T23:32:39,0.1630829547,0.2385955216,4.758314575
943,2004-02-18T23:42:39,0.1979881646,0.6918752464,4.166915743
944,2004-02-18T23:52:39,0.1884763268,0.6431576445,4.403736076
945,2004-02-19T00:02:39,0.2154372794,1.458711596,5.189445408
946,2004-02-19T00:12:39,0.1838510389,0.8855776669,5.553408924
947,2004-02-19T00:22:39,0.1638758218,0.2644797653,4.442388097
948,2004-02-19T00:32:39,0.1583213382,0.3269080576,4.396122517
949,2004-02-19T00:42:39,0.1612034889,0.5962783117,4.770368217
950,2004-02-19T00:52:39,0.1829362167,0.9118408192,5.01814248
951,2004-02-19T01:02:39,0.2144247165,1.374046176,5.088032844
952,2004-02-19T01:12:39,0.2372875259,1.252137716,5.183584746
953,2004-02-19T01:22:39,0.1987598396,0.3930067404,3.818678872
954,2004-02-19T01:32:39,0.2361434556,0.6124751846,4.124611446
955,2004-02-19T01:42:39,0.2029883943,0.5611380194,4.246548197
956,2004-02-19T01:52:39,0.2210419022,0.4655669753,4.175678869
957,2004-02-19T02:02:39,0.207221166,0.1687446154,3.899215586
958,2004-02-19T02:12:39,0.2615312066,0.8199110929,4.068348148
959,2004-02-19T02:22:39,0.2016226367,0.5009320077,3.997567005
960,2004-02-19T02:32:39,0.2228994364,0.5709460275,4.993283151
961,2004-02-19T02:42:39,0.2592424483,0.1682813728,5.018468265
962,2004-02-19T02:52:39,0.2316656449,0.2930961829,4.58419288
963,2004-02-19T03:02:39,0.2345764202,0.4463146709,4.361052143
964,2004-02-19T03:12:39,0.2474972149,0.1623530712,4.004085462
965,2004-02-19T03:22:39,0.2971881006,0.4668719209,4.034481857
966,2004-02-19T03:32:39,0.2916511124,0.1737045855,3.984212474
967,2004-02-19T03:42:39,0.3437355162,-0.2645413361,3.656881355
968,2004-02-19T03:52:39,0.3148111379,-0.2588740512,3.44968735
969,2004-02-19T04:02:39,0.3257155682,1.596143915,6.999972439
970,2004-02-19T04:12:39,0.3530901072,2.23725473,7.315413111
971,2004-02-19T04:22:39,0.4296784479,6.022866643,8.459814584
972,2004-02-19T04:32:39,0.4155698306,2.710834903,6.444163658
973,2004-02-19T04:42:39,0.3716810866,8.787364732,9.333270175
974,2004-02-19T04:52:39,0.4476727901,3.161553346,6.969376002
975,2004-02-19T05:02:39,0.672137488,14.11000923,7.438954216
976,2004-02-19T05:12:39,0.530956129,9.796460845,8.004427801
977,2004-02-19T05:22:39,0.4459182474,1.624277813,6.87569979
978,2004-02-19T05:32:39,0.3869748318,0.468857477,5.987469493
979,2004-02-19T05:42:39,0.7250014697,12.57770457,6.896537743
980,2004-02-19T05:52:39,0.4620116657,3.75997168,6.235773281
981,2004-02-19T06:02:39,0.4838353954,4.891755233,7.638961588
982,2004-02-19T06:12:39,0.002103011234,3.637512639,2.377543172
983,2004-02-19T06:22:39,0.001532732063,-1.609774035,3.26214876
